{
    "accuracy": 0.550000011920929,
    "aggression": 0.6499999761581421,
    "cover_preference": 0.75,
    "flank_chance": 0.20000000298023224,
    "fov_deg": 120.0,
    "hearing_range": 12.0,
    "hide_duration_max": 1.7999999523162842,
    "hide_duration_min": 0.800000011920929,
    "jump_enabled": true,
    "patrol_speed": 2.5,
    "peek_duration_max": 1.100000023841858,
    "peek_duration_min": 0.6000000238418579,
    "profile_id": "grunt_ai",
    "reaction_time": 0.4000000059604645,
    "reposition_chance": 0.30000001192092896,
    "retreat_hp_threshold": 0.25,
    "seek_speed": 4.0,
    "shoot_interval": 2.200000047683716,
    "sight_range": 18.0
}
