{
    "bullet_color": [
        0.30000001192092896,
        0.6499999761581421,
        1.0
    ],
    "bullet_lifetime": 3.0,
    "bullet_scale": 0.0949999988079071,
    "bullet_speed": 75.0,
    "cooldown_rate": 0.30000001192092896,
    "damage": 35.0,
    "fire_rate": 4.5,
    "heat_per_shot": 0.39500001072883606,
    "id": "DC-15A Blaster Rifle",
    "mesh": "assets/models/blaster_rifle.obj",
    "name": "DC-15A Blaster Rifle",
    "overheat_penalty": 2.0,
    "projectile_mesh": "assets/models/laser_bolt.obj"
}
