{
    "bullet_color": [
        0.30000001192092896,
        0.6499999761581421,
        1.0
    ],
    "bullet_lifetime": 2.5,
    "bullet_scale": 0.06499999761581421,
    "bullet_speed": 100.0,
    "cooldown_rate": 0.4000000059604645,
    "damage": 25.0,
    "fire_rate": 7.0,
    "heat_per_shot": 0.20000000298023224,
    "id": "DC-17 Blaster Pistol",
    "mesh": "assets/models/blaster_pistol.obj",
    "name": "DC-17 Blaster Pistol",
    "overheat_penalty": 1.2000000476837158,
    "projectile_mesh": "assets/models/laser_bolt.obj"
}
