{
    "bullet_color": [
        0.30000001192092896,
        0.6499999761581421,
        1.0
    ],
    "bullet_lifetime": 3.0,
    "bullet_scale": 0.10000000149011612,
    "bullet_speed": 55.0,
    "cooldown_rate": 0.30000001192092896,
    "damage": 25.0,
    "effective_range": 18.0,
    "faction": "republic",
    "fire_rate": 7.0,
    "heat_per_shot": 0.30000001192092896,
    "id": "DC-15A",
    "mesh": "",
    "min_range": 0.0,
    "name": "DC-15A",
    "overheat_penalty": 2.0,
    "projectile_mesh": ""
}
